{
  "project_info": {
    "project_number": "100305051684",
    "firebase_url": "https://perantarafirebase.firebaseio.com",
    "project_id": "perantarafirebase",
    "storage_bucket": "perantarafirebase.appspot.com"
  },
  "client": [
    {
      "client_info": {
        "mobilesdk_app_id": "1:100305051684:android:2516771cab2fbe63",
        "android_client_info": {
          "package_name": "com.shofi.perantarafirebase"
        }
      },
      "oauth_client": [
        {
          "client_id": "100305051684-gniinc0utiv3napi02eqgsq5bhek9sc6.apps.googleusercontent.com",
          "client_type": 1,
          "android_info": {
            "package_name": "com.shofi.perantarafirebase",
            "certificate_hash": "e25275b37e17fbc84f1cdf919cabd2435d7ca0ce"
          }
        },
        {
          "client_id": "100305051684-2d34ah8usalpuc6iuq1t209enp71fj8m.apps.googleusercontent.com",
          "client_type": 3
        }
      ],
      "api_key": [
        {
          "current_key": "AIzaSyBetSNS2C2mlfNka4K_xAWyQ3YuPOWQkts"
        }
      ],
      "services": {
        "analytics_service": {
          "status": 1
        },
        "appinvite_service": {
          "status": 2,
          "other_platform_oauth_client": [
            {
              "client_id": "100305051684-2d34ah8usalpuc6iuq1t209enp71fj8m.apps.googleusercontent.com",
              "client_type": 3
            }
          ]
        },
        "ads_service": {
          "status": 2
        }
      }
    },
    {
      "client_info": {
        "mobilesdk_app_id": "1:100305051684:android:a3b1a80c32bb1f70",
        "android_client_info": {
          "package_name": "com.shofi.uascihuy"
        }
      },
      "oauth_client": [
        {
          "client_id": "100305051684-2d34ah8usalpuc6iuq1t209enp71fj8m.apps.googleusercontent.com",
          "client_type": 3
        }
      ],
      "api_key": [
        {
          "current_key": "AIzaSyBetSNS2C2mlfNka4K_xAWyQ3YuPOWQkts"
        }
      ],
      "services": {
        "analytics_service": {
          "status": 1
        },
        "appinvite_service": {
          "status": 1,
          "other_platform_oauth_client": []
        },
        "ads_service": {
          "status": 2
        }
      }
    }
  ],
  "configuration_version": "1"
}